id;verified_tier;name;domain;website;city;region;estimated_size;total;fibu_score;recruiting_score;digital_score;datev_score;size_score;growth_score;process_score;tools_score;decision_maker_score;trigger_score;summary;review_notes;contact_1_name;contact_1_role;linkedin_company;team_page_url;career_page_url
110;A;DATEV Unternehmen online | Steuerberater-Wirtschaftsprüfer | Götz, Baum & Nünke;steuerberater-kreuznach.de;https://www.steuerberater-kreuznach.de/datev.php;Stuttgart;muenchen_stuttgart;92;14;2;2;2;2;1;0;2;0;2;1;Verified A: FiBu=JA, Recruiting=JA, Digital=JA;verified_tier=A | FiBu: finanzbuchhaltung, buchführung, rechnungswesen, jahresabschluss | Recruiting: stellenangebot, karriere, bewerbung, steuerfachangestellte | Digital: digitalisierung, datev unternehmen online, datev, papierlos;;;;https://www.steuerberater-kreuznach.de/team.php;https://www.steuerberater-kreuznach.de/karriere/index.php
172;A;von Arps-Aubert + Partner — Steuerberatung in Berlin und München, digitale Buchführung.;arps-steuerberater.de;https://arps-steuerberater.de/de/;Berlin;berlin_brandenburg;76;13;2;2;2;2;1;0;2;0;2;0;Verified A: FiBu=JA, Recruiting=JA, Digital=JA;verified_tier=A | FiBu: finanzbuchhaltung, buchführung, rechnungswesen, jahresabschluss | Recruiting: stellenangebot, karriere, wir suchen, verstärkung | Digital: digitalisierung, digitale kanzlei, datev, papierlos;;;;https://arps-steuerberater.de/de/kanzlei/;https://arps-steuerberater.de/de/karriere/
607;A;Steuerberater Hamburg | Winkel & Fach Steuerberatungsgesellschaft mbH;winkel-fach.de;https://www.winkel-fach.de/leistungen/finanzbuchfuehrung/;Hamburg;hamburg;53;16;2;2;2;2;1;0;2;2;2;1;Verified A: FiBu=JA, Recruiting=JA, Digital=JA;verified_tier=A | FiBu: finanzbuchhaltung, buchführung, rechnungswesen, debitoren | Recruiting: stellenangebot, karriere, bewerbung, steuerfachangestellte | Digital: digitalisierung, datev unternehmen online, datev, mandantenportal;;;;https://www.winkel-fach.de/ueber-uns/;https://www.winkel-fach.de/karriere/
10;A;Steuerberatung München | Alexia Huber & Partner;steuerberaterin-huber.de;https://www.steuerberaterin-huber.de/;München;muenchen_stuttgart;39;13;2;2;2;2;1;1;0;0;2;1;Verified A: FiBu=JA, Recruiting=JA, Digital=JA;verified_tier=A | FiBu: finanzbuchhaltung, buchführung, jahresabschluss, bilanz | Recruiting: stellenangebot, karriere, jobs, bewerbung | Digital: digitalisierung, datev unternehmen online, datev, dms;;;;https://www.steuerberaterin-huber.de/steuerkanzlei/;https://www.steuerberaterin-huber.de/steuerkanzlei/stellenangebote/
96;A;Finkbeiner & Partner, Steuerberater und Wirtschaftsprüfer in Stuttgart Weilimdorf;finkbeiner-partner.de;https://www.finkbeiner-partner.de/digitale_kanzlei;Stuttgart;muenchen_stuttgart;36;12;1;2;2;2;1;0;1;1;2;0;Verified A: FiBu=JA, Recruiting=JA, Digital=JA;verified_tier=A | FiBu: finanzbuchhaltung, rechnungswesen | Recruiting: karriere, steuerfachangestellte, (m/w/d) | Digital: digitalisierung, digitale kanzlei, datev, e-rechnung;;;;https://www.finkbeiner-partner.de/kanzlei;https://karriere.finkbeiner-partner.de
389;A;Steuerberatung Düsseldorf | Steuerberater Timo Unterberg - UBS Steuerberatung;ubs-tax.de;https://ubs-tax.de/steuerberatung-dusseldorf/;Düsseldorf;nrw;32;17;2;2;2;2;1;2;2;1;2;1;Verified A: FiBu=JA, Recruiting=JA, Digital=JA;verified_tier=A | FiBu: finanzbuchhaltung, fibu, jahresabschluss, bilanz | Recruiting: stellenangebot, karriere, jobs, wir suchen | Digital: digitalisierung, datev, cloud, automatisierung;;;;https://ubs-tax.de/team/;https://ubs-tax.de/karriere/
8;A;Steuerberater München Daniela Anders Willkommen;steuer-anders.de;https://www.steuer-anders.de/;München;muenchen_stuttgart;31;14;2;2;2;1;1;2;1;1;2;0;Verified A: FiBu=JA, Recruiting=JA, Digital=JA;verified_tier=A | FiBu: finanzbuchhaltung, buchführung, rechnungswesen, jahresabschluss | Recruiting: stellenangebot, karriere, bewerbung, steuerfachangestellte | Digital: digitalisierung, datev unternehmen online, datev, papierlos;;;;https://www.steuer-anders.de/ueber_uns_steuerberater_muenchen_daniela_anders.html#team-advantages;
146;A;schramm-und-partner.de;schramm-und-partner.de;https://www.schramm-und-partner.de/;Stuttgart;muenchen_stuttgart;31;14;2;2;2;1;1;0;2;0;2;2;Verified A: FiBu=JA, Recruiting=JA, Digital=JA;verified_tier=A | FiBu: finanzbuchhaltung, buchführung, jahresabschluss | Recruiting: karriere, offene stellen, bewerbung, steuerfachangestellte | Digital: digitalisierung, datev, papierlos, digital;;;;https://www.schramm-und-partner.de/team/;https://www.schramm-und-partner.de/karriere-stuttgart/
451;A;RESITAX | Revisionssichere Steuerberatung;resitax.de;https://resitax.de/;Dortmund;nrw;30;14;2;2;2;2;1;1;2;0;2;0;Verified A: FiBu=JA, Recruiting=JA, Digital=JA;verified_tier=A | FiBu: finanzbuchhaltung, buchführung, jahresabschluss, bilanz | Recruiting: karriere, wir suchen, bewerbung, steuerfachangestellte | Digital: digitalisierung, digitale kanzlei, datev, papierlos;;;;https://resitax.de/kanzlei/;https://resitax.de/karriere/
514;A;Digitalisierung von BONN & PARTNER: DATEV Dokumentenmanagemensystem & mehr;bonn-partner.de;https://bonn-partner.de/leistungen/digitalisierung;Bonn;nrw;29;13;1;2;2;2;1;0;2;0;2;1;Verified A: FiBu=JA, Recruiting=JA, Digital=JA;verified_tier=A | FiBu: fibu, buchführung | Recruiting: karriere, offene stellen, wir suchen, verstärkung | Digital: digitalisierung, datev unternehmen online, datev, dokumentenmanagement;;;;https://bonn-partner.de/ueber-uns;https://bonn-partner.de/karriere
176;A;DATEV Online :: Steuerberatung Asmus-Reimer & Partner Steuerberater mbB - Kompetent, flexibel und persönlich :: Steuerberatung, Steuererklärungen, Lohnsteuer, Finanzbuchhaltung , Buchhaltung, Betriebswirtschaft , betriebswirtschaftliche Auswertung, Jahresabschlüsse;asmus-reimer.de;https://www.asmus-reimer.de/service/datev-online/;Berlin;berlin_brandenburg;28;12;2;2;2;2;1;0;1;0;2;0;Verified A: FiBu=JA, Recruiting=JA, Digital=JA;verified_tier=A | FiBu: finanzbuchhaltung, buchführung, jahresabschluss, bilanz | Recruiting: karriere, bewerbung, steuerfachangestellte, bilanzbuchhalter | Digital: digitalisierung, datev unternehmen online, datev, digital;;;;https://www.asmus-reimer.de/team/;https://www.asmus-reimer.de/karriere/
368;A;Steuerberater für Onlineshops, Amazon, billbee, JTL, ebay, PayPal, shopify und alle anderen e-commerce-Lösungen | Steuerberater Düsseldorf;steuerberater-duesseldorf-ok.de;https://steuerberater-duesseldorf-ok.de/steuerberater-e-commerce-online-handel-shopify-amazon-billbee-shopify-buchhaltung-steuern-umsatzsteuer/;Düsseldorf;nrw;27;12;1;2;2;2;1;0;1;1;2;0;Verified A: FiBu=JA, Recruiting=JA, Digital=JA;verified_tier=A | FiBu: jahresabschluss, bilanz | Recruiting: karriere, verstärkung, bewerbung, steuerfachangestellte | Digital: digitalisierung, digitale kanzlei, datev unternehmen online, datev;;;;https://steuerberater-duesseldorf-ok.de/unsere-kanzlei/;
759;A;DATEV Unternehmen online - Bert & Daiber Steuerberater in Darmstadt;bert-daiber.de;https://bert-daiber.de/digitale-kanzlei/datev-unternehmen-online/;Darmstadt;rhein_main;26;14;2;2;2;2;1;2;1;0;2;0;Verified A: FiBu=JA, Recruiting=JA, Digital=JA;verified_tier=A | FiBu: buchführung, rechnungswesen, bilanz | Recruiting: karriere, wir suchen, bewerbung, steuerfachangestellte | Digital: digitale kanzlei, datev unternehmen online, datev, cloud;;;;https://bert-daiber.de/digitale-kanzlei/datev-unternehmen-online/;https://bert-daiber.de/karriere/
717;A;Dreger Steuerberater bei Wiesbaden - Jetzt kostenfreies Erstgespräch vereinbaren!;dreger-steuerberater.de;https://dreger-steuerberater.de/steuerberater-wiesbaden/;Wiesbaden;rhein_main;25;15;2;2;2;2;1;0;2;0;2;2;Verified A: FiBu=JA, Recruiting=JA, Digital=JA;verified_tier=A | FiBu: finanzbuchhaltung, buchführung, bilanz | Recruiting: stellenangebot, karriere, offene stellen, wir suchen | Digital: digitale buchhaltung, datev unternehmen online, datev, digital;;;;https://dreger-steuerberater.de/team/;https://dreger-steuerberater.de/karriere/
225;A;Digitale Kanzlei 2020 - Steuerberater Capellmann und Partner mbB;steuerberater-capellmann.de;https://steuerberater-capellmann.de/digitalekanzlei2020/;Berlin;berlin_brandenburg;23;14;2;2;2;2;1;2;0;0;2;1;Verified A: FiBu=JA, Recruiting=JA, Digital=JA;verified_tier=A | FiBu: fibu, buchführung, bilanz | Recruiting: karriere, bewerbung, steuerfachangestellte, finanzbuchhalter | Digital: digitalisierung, digitale kanzlei, datev, papierlos;;;;https://steuerberater-capellmann.de/digitalekanzlei2020/;https://steuerberater-capellmann.de/karriere/
234;A;Knappworst Steuerberater in Potsdam & Berlin - Steuerberatung : Existenzgründung, Umstrukturierung, Sanierung von Unternehmen, Kostenrechnung;knappworst.de;https://www.knappworst.de/;Potsdam;berlin_brandenburg;19;13;2;2;2;2;1;0;2;0;2;0;Verified A: FiBu=JA, Recruiting=JA, Digital=JA;verified_tier=A | FiBu: finanzbuchhaltung, buchführung, rechnungswesen, jahresabschluss | Recruiting: karriere, jobs, bewerbung, steuerfachangestellte | Digital: digitalisierung, digitale buchhaltung, datev, digital;;;;https://www.knappworst.de/kanzlei/ueber-uns/;https://www.knappworst.de/kanzlei/karriere/
367;A;Digitale Buchhaltung | Steuerberater Weise | Digital - Weise Steuerberater Düsseldorf;weise-steuerberater.de;https://www.weise-steuerberater.de/digital/;Düsseldorf;nrw;19;13;2;2;2;2;1;0;1;1;2;0;Verified A: FiBu=JA, Recruiting=JA, Digital=JA;verified_tier=A | FiBu: finanzbuchhaltung, buchführung, jahresabschluss | Recruiting: stellenangebot, jobs, bewerbung, steuerfachangestellte | Digital: digitalisierung, digitale buchhaltung, datev unternehmen online, datev;;;;https://www.weise-steuerberater.de/ueber-uns/;https://jobs.weise-steuerberater.de/
518;A;Steuerberater Bonn - Dr. Lang - Arzt, Zahnarzt, Heilberufe, Bonn;steuerberatung-dr-lang.de;https://www.steuerberatung-dr-lang.de/;Bonn;nrw;18;17;2;2;2;2;1;2;2;1;2;1;Verified A: FiBu=JA, Recruiting=JA, Digital=JA;verified_tier=A | FiBu: finanzbuchhaltung, buchführung, jahresabschluss, bilanz | Recruiting: karriere, jobs, steuerfachangestellte, bilanzbuchhalter | Digital: digitalisierung, datev unternehmen online, datev, cloud;;;;https://www.steuerberatung-dr-lang.de/unser-team/;https://www.steuerberatung-dr-lang.de/karriere/
175;A;DATEV Unternehmen online - Tool zur Erfassung von Eingangsrechnungen | Schürmann Steuerberatungsgesellschaft;steuerberater-berlin-schuermann.de;https://www.steuerberater-berlin-schuermann.de/digitalisierung/datev_unternehmen_online/;Berlin;berlin_brandenburg;17;13;2;2;2;2;1;0;1;0;2;1;Verified A: FiBu=JA, Recruiting=JA, Digital=JA;verified_tier=A | FiBu: finanzbuchhaltung, buchführung, rechnungswesen, jahresabschluss | Recruiting: karriere, offene stellen, jobs, steuerfachangestellte | Digital: digitalisierung, datev unternehmen online, datev, belegupload;;;;https://www.steuerberater-berlin-schuermann.de/wir_ueber_uns/kanzleileitung/;https://jobs.steuerberater-berlin-schuermann.de/
20;A;DATEV Unternehmen Online - RD Partner;rdpartner.de;https://www.rdpartner.de/kanzlei-service/datev-unternehmen-online/;München;muenchen_stuttgart;14;10;1;2;1;2;1;0;0;0;2;1;Verified A: FiBu=JA, Recruiting=JA, Digital=JA;verified_tier=A | FiBu: finanzbuchhaltung, jahresabschluss | Recruiting: karriere, bewerbung, steuerfachangestellte, initiativbewerbung | Digital: datev unternehmen online, datev;;;;https://www.rdpartner.de/kanzlei-service/datev-unternehmen-online/;https://www.rdpartner.de/kanzlei/karriere/
660;A;Digitale Angebote - JAS - Steuerberater Frankfurt am Main;j-a-s.eu;https://j-a-s.eu/digitale-angebote/;Frankfurt;rhein_main;13;13;1;2;2;2;1;0;1;1;2;1;Verified A: FiBu=JA, Recruiting=JA, Digital=JA;verified_tier=A | FiBu: buchführung, bilanz | Recruiting: karriere, offene stellen, bewerbung, steuerfachangestellte | Digital: digitalisierung, datev unternehmen online, datev, papierlos;;;;https://j-a-s.eu/ueber-uns;https://j-a-s.eu/karriere
688;A;Ihr Steuerberater und Wirtschaftsprüfer aus Frankfurt;wesst.de;https://wesst.de/;Frankfurt;rhein_main;12;13;2;2;2;2;1;1;1;0;2;0;Verified A: FiBu=JA, Recruiting=JA, Digital=JA;verified_tier=A | FiBu: finanzbuchhaltung, fibu, buchführung, rechnungswesen | Recruiting: karriere, steuerfachangestellte, bilanzbuchhalter, lohnbuchhalter | Digital: digitalisierung, digitale kanzlei, digitale buchhaltung, datev;;;;https://wesst.de/ueber-uns;https://wesst.de/karriere
173;A;DATEV Unternehmen online – Digitale Buchhaltung;steuerberater-berlin.de;https://www.steuerberater-berlin.de/datev-unternehmen-online/;Berlin;berlin_brandenburg;11;15;2;2;2;2;1;1;2;0;2;1;Verified A: FiBu=JA, Recruiting=JA, Digital=JA;verified_tier=A | FiBu: finanzbuchhaltung, buchführung, rechnungswesen, jahresabschluss | Recruiting: karriere, jobs, wir suchen, bewerbung | Digital: digitalisierung, digitale buchhaltung, datev unternehmen online, duo;;;;https://www.steuerberater-berlin.de/steuerkanzlei/;https://www.steuerberater-berlin.de/steuerkanzlei/jobs/
56;A;Buchhaltung von Ratzke & Hill - Steuerberater München;steuerberater-muenchen.de;https://steuerberater-muenchen.de/leistungen/buchhalter-muenchen.html;München;muenchen_stuttgart;9;12;2;2;2;2;1;0;1;0;2;0;Verified A: FiBu=JA, Recruiting=JA, Digital=JA;verified_tier=A | FiBu: finanzbuchhaltung, buchführung, rechnungswesen, jahresabschluss | Recruiting: stellenangebot, verstärkung, bewerbung, steuerfachangestellte | Digital: digitalisierung, digitale buchhaltung, datev unternehmen online, datev;;;;https://steuerberater-muenchen.de/kanzlei-ratzke-hill.html;https://steuerberater-muenchen.de/kanzlei-ratzke-hill/stellenangebote.html
413;A;Steuerberatung Dortmund · Steuerberater Dortmund · Wirtschaftsberatung Dortmund | Stendel, Conrad, Franke;scf.gmbh;https://scf.gmbh/;Dortmund;nrw;9;12;2;2;2;2;1;0;0;0;2;1;Verified A: FiBu=JA, Recruiting=JA, Digital=JA;verified_tier=A | FiBu: finanzbuchhaltung, buchführung, rechnungswesen, jahresabschluss | Recruiting: stellenangebot, karriere, offene stellen, bewerbung | Digital: digitalisierung, datev unternehmen online, datev, digital;;;;https://scf.gmbh/Kanzlei/index.html;https://scf.gmbh/Karriere/index.html
233;A;Startseite » Notroff & Partner - Steuerberater Mathias & André Notroff;steuerbuero-notroff.de;https://www.steuerbuero-notroff.de/;Potsdam;berlin_brandenburg;8;14;2;2;2;2;1;0;2;0;2;1;Verified A: FiBu=JA, Recruiting=JA, Digital=JA;verified_tier=A | FiBu: finanzbuchhaltung, rechnungswesen, jahresabschluss | Recruiting: karriere, offene stellen, bewerbung, initiativbewerbung | Digital: digitalisierung, scan, digital;;;;https://www.steuerbuero-notroff.de/de/kanzlei/%C3%BCber_uns/;https://www.steuerbuero-notroff.de/de/kanzlei/karriere/
284;A;Digitale Buchhaltung - Steuerberater Köln: Karl-Rudolf Sauer;steuerberater-sauer.info;https://www.steuerberater-sauer.info/digitale-buchhaltung/;Köln;nrw;8;15;2;2;2;2;1;1;2;1;2;0;Verified A: FiBu=JA, Recruiting=JA, Digital=JA;verified_tier=A | FiBu: finanzbuchhaltung, buchführung, anlagenbuchhaltung, bilanz | Recruiting: karriere, wir suchen, finanzbuchhalter, werde teil | Digital: digitalisierung, digitale buchhaltung, datev, digitale prozesse;;;;https://www.steuerberater-sauer.info/team/;https://www.steuerberater-sauer.info/karriere/
562;A;Dokumentenmanagementsysteme | Thomas Vellante Steuerberater;kanzlei-vellante.de;https://www.kanzlei-vellante.de/blog/dokumentenmanagementsysteme-ordnung-statt-chaos.html;Bonn;nrw;8;17;2;2;2;2;1;2;1;2;2;1;Verified A: FiBu=JA, Recruiting=JA, Digital=JA;verified_tier=A | FiBu: finanzbuchhaltung, fibu, buchführung, rechnungswesen | Recruiting: karriere, offene stellen, bewerbung, steuerfachangestellte | Digital: digitalisierung, datev unternehmen online, datev, dms;;;;https://www.kanzlei-vellante.de/;https://www.kanzlei-vellante.de/karriere.html
802;A;Steuerberater Grimm & Schierholz in Mainz;sgs-steuer.de;https://www.sgs-steuer.de/;Mainz;rhein_main;8;13;1;2;2;2;1;2;1;0;2;0;Verified A: FiBu=JA, Recruiting=JA, Digital=JA;verified_tier=A | FiBu: jahresabschluss, bilanz | Recruiting: karriere, jobs, bewerbung, steuerfachangestellte | Digital: digitale kanzlei, datev, papierlos, digitale prozesse;;;;https://www.sgs-steuer.de/team/;https://www.sgs-steuer.de/jobs/
21;A;Steuerberater München - Steuerkanzlei Sascha Woellke;woellke.de;https://www.woellke.de/;München;muenchen_stuttgart;7;11;2;2;1;2;1;0;1;0;2;0;Verified A: FiBu=JA, Recruiting=JA, Digital=JA;verified_tier=A | FiBu: finanzbuchhaltung, laufende buchhaltung, buchführung, rechnungswesen | Recruiting: karriere, wir suchen, verstärkung, bewerbung | Digital: datev, digital;;;;https://www.woellke.de/unsere-steuerkanzlei/;https://www.woellke.de/karriere/
105;A;DATEV Online - IStB Internationale Steuerberatung Schulz;istb.eu;https://istb.eu/digitaler-steuerberater/datev-online/;Stuttgart;muenchen_stuttgart;7;15;2;2;2;2;1;2;1;1;2;0;Verified A: FiBu=JA, Recruiting=JA, Digital=JA;verified_tier=A | FiBu: buchführung, belegmanagement, rechnungswesen, bilanz | Recruiting: karriere, offene stellen, wir suchen, bewerbung | Digital: digitalisierung, digitale kanzlei, datev unternehmen online, datev;;;;https://istb.eu/kanzlei/;https://istb.eu/karriere/
506;A;Startseite » Schraven & Partner Steuerberatungsgesellschaft mbB;schraven-partner.de;https://www.schraven-partner.de/;Essen;nrw;7;13;2;2;2;2;1;0;2;0;2;0;Verified A: FiBu=JA, Recruiting=JA, Digital=JA;verified_tier=A | FiBu: finanzbuchhaltung, rechnungswesen, jahresabschluss, einnahmenüberschussrechnung | Recruiting: karriere, offene stellen, bewerbung, steuerfachangestellte | Digital: digitalisierung, digitale kanzlei, datev unternehmen online, datev;;;;https://www.schraven-partner.de/de/%C3%BCber_uns/team/;https://www.schraven-partner.de/de/karriere/karriere/
3;A;Digitale Steuerberatung und Buchhaltung im Großraum München;steuerteam.de;https://steuerteam.de/digitale-kanzlei-steuerberater;München;muenchen_stuttgart;6;14;2;2;2;2;1;0;1;1;2;1;Verified A: FiBu=JA, Recruiting=JA, Digital=JA;verified_tier=A | FiBu: finanzbuchhaltung, rechnungswesen, bilanz | Recruiting: karriere, offene stellen, bewerbung, steuerfachangestellte | Digital: digitalisierung, digitale kanzlei, datev unternehmen online, datev;;;;https://steuerteam.de/digitale-kanzlei-steuerberater;https://steuerteam.de/karriere
529;A;Unternehmen Online » Haubner, Schäfer und Partner mbB;haubner-stb.de;https://www.haubner-stb.de/content/inhalte/kanzlei/digitalisierung/unternehmen_online/index_ger.html;Bonn;nrw;6;11;1;2;2;2;1;0;0;0;2;1;Verified A: FiBu=JA, Recruiting=JA, Digital=JA;verified_tier=A | FiBu: finanzbuchhaltung, buchführung | Recruiting: karriere, offene stellen, bewerbung | Digital: digitalisierung, datev unternehmen online, duo, datev;;;;https://www.haubner-stb.de/content/inhalte/kanzlei/digitalisierung/unternehmen_online/mobile_ger.html;https://www.haubner-stb.de/content/inhalte/kanzlei/karriere/index_ger.html
659;A;DATEV - Unser Partner - Steuerkanzlei Leipzig und Frankfurt | Steuerberater | Rechtsanwalt;senger-und-senger.de;https://senger-und-senger.de/datev-unser-partner/;Frankfurt;rhein_main;6;12;2;2;2;2;1;0;1;0;2;0;Verified A: FiBu=JA, Recruiting=JA, Digital=JA;verified_tier=A | FiBu: finanzbuchhaltung, buchführung, rechnungswesen, anlagenbuchhaltung | Recruiting: stellenangebot, karriere, bewerbung, steuerfachangestellte | Digital: digitalisierung, datev unternehmen online, datev, cloud;;;;https://senger-und-senger.de/steuerkanzlei/;https://senger-und-senger.de/stellenangebote/
803;A;Schmitt Schaefer – Das Steuerbüro mit Weitsicht;schmittschaefer.de;https://schmittschaefer.de/;Mainz;rhein_main;6;12;2;2;2;2;1;0;0;0;2;1;Verified A: FiBu=JA, Recruiting=JA, Digital=JA;verified_tier=A | FiBu: finanzbuchhaltung, rechnungswesen, jahresabschluss, bilanz | Recruiting: karriere, verstärkung, bewerbung, steuerfachangestellte | Digital: datev unternehmen online, datev, digital;;;;https://schmittschaefer.de/#aboutus;https://schmittschaefer.de/karriere/
108;A;Wir arbeiten mit DATEV Unternehmen Online;treukontax.de;https://www.treukontax.de/duo;Stuttgart;muenchen_stuttgart;5;12;1;2;2;2;1;1;0;0;2;1;Verified A: FiBu=JA, Recruiting=JA, Digital=JA;verified_tier=A | FiBu: finanzbuchhaltung, buchführung | Recruiting: stellenangebot, karriere, jobs, wir suchen | Digital: datev unternehmen online, duo, datev, e-rechnung;;;;https://www.treukontax.de/kanzleien;https://www.treukontax.de/karriere
164;A;Steuerberater Thomas Langer // Berlin / Steuerberater Thomas Langer;stblanger.de;https://stblanger.de/;Berlin;berlin_brandenburg;5;16;2;2;2;2;1;1;2;1;2;1;Verified A: FiBu=JA, Recruiting=JA, Digital=JA;verified_tier=A | FiBu: finanzbuchhaltung, fibu, buchführung, rechnungswesen | Recruiting: stellenangebot, karriere, jobs, wir suchen | Digital: digitalisierung, digitale kanzlei, datev, papierlos;;;;https://stblanger.de/news/zwischen-zahlen-und-zukunft-wie-thomas-langer-nachhaltigkeit-in-den-kanzleialltag-bringt/;https://stblanger.de/jobs/
642;A;DATEV Unternehmen online: Ihr Steuerberater in Frankfurt;luebeckonline.com;https://www.luebeckonline.com/steuerberater-frankfurt/unternehmenonline.html;Frankfurt;rhein_main;5;12;2;2;2;2;1;0;1;0;2;0;Verified A: FiBu=JA, Recruiting=JA, Digital=JA;verified_tier=A | FiBu: finanzbuchhaltung, buchführung, belegbearbeitung | Recruiting: stellenangebot, karriere, verstärkung, bewerbung | Digital: digitalisierung, digitale buchhaltung, datev unternehmen online, datev;;;;https://www.luebeckonline.com/kanzlei.html;https://www.luebeckonline.com/karriere.html
709;A;Steuerberatung für den Mittelstand | KellundFeltes;kellundfeltes.de;https://www.kellundfeltes.de/;Wiesbaden;rhein_main;5;15;2;2;2;2;1;2;2;0;2;0;Verified A: FiBu=JA, Recruiting=JA, Digital=JA;verified_tier=A | FiBu: finanzbuchhaltung, rechnungswesen, jahresabschluss | Recruiting: stellenangebot, karriere, offene stellen, wir suchen | Digital: digitalisierung, digitale buchhaltung, datev, digital;;;;https://www.kellundfeltes.de/kanzlei/ueber-uns/;https://www.kellundfeltes.de/karriere/
708;B;Lang Steuerberater – Steuerkanzlei aus Wiesbaden;lang-steuerberater.de;https://lang-steuerberater.de/;Wiesbaden;rhein_main;22;13;2;1;2;2;1;2;0;0;2;1;Verified B: FiBu=JA, Recruiting=NEIN, Digital=JA;verified_tier=B | FiBu: finanzbuchhaltung, buchführung, jahresabschluss, bilanz | Recruiting: steuerfachangestellte | Digital: datev unternehmen online, datev, papierlos, cloud;;;;https://lang-steuerberater.de/#team;
23;B;Buchhaltung online Buchführung digital - VON WEDELSTAEDT Steuerberater;von-wedelstaedt.de;https://www.von-wedelstaedt.de/die-leistungen/rechnungswesen/buchf%C3%BChrung-online/;München;muenchen_stuttgart;10;10;2;0;2;2;1;1;0;0;2;0;Verified B: FiBu=JA, Recruiting=NEIN, Digital=JA;verified_tier=B | FiBu: finanzbuchhaltung, buchführung, rechnungswesen, jahresabschluss | Recruiting:  | Digital: datev unternehmen online, datev, digital;;;;https://www.von-wedelstaedt.de/die-steuerkanzlei/;
801;B;Steuerberater Mainz - Kompetente Beratung für Ihre steuerlichen Angelegenheiten;stb-heilberufe.com;https://www.stb-heilberufe.com/steuerberater-mainz/;Mainz;rhein_main;9;12;2;0;2;2;1;1;1;0;2;1;Verified B: FiBu=JA, Recruiting=NEIN, Digital=JA;verified_tier=B | FiBu: finanzbuchhaltung, buchführung, jahresabschluss | Recruiting:  | Digital: digitalisierung, digitale kanzlei, datev unternehmen online, datev;;;;https://www.stb-heilberufe.com/digitale-steuerkanzlei/;
294;B;Steuerberater Köln | SHL | Leistungen Unternehmen;shl-stb.de;https://www.shl-stb.de/leistungen-unternehmen.php;Köln;nrw;6;15;2;1;2;2;1;2;2;0;2;1;Verified B: FiBu=JA, Recruiting=NEIN, Digital=JA;verified_tier=B | FiBu: finanzbuchhaltung, buchführung, belegbearbeitung, rechnungswesen | Recruiting: karriere | Digital: datev, scan, digital;;;;https://www.shl-stb.de/leistungen-unternehmen.php/mailto:kanzlei@shl-stb.de;
530;B;Frank Schneider: Ihr Steuerberater in Bonn • Frank Schneider, Steuerberater in Bonn und Umgebung;frankschneider-steuerberatung.de;https://www.frankschneider-steuerberatung.de/steuerberater-frank-schneider-bonn/;Bonn;nrw;6;13;2;1;2;2;1;1;1;0;2;1;Verified B: FiBu=JA, Recruiting=NEIN, Digital=JA;verified_tier=B | FiBu: finanzbuchhaltung, laufende buchhaltung, buchführung, jahresabschluss | Recruiting: bewerbung | Digital: digitalisierung, datev, digital;;;;https://www.frankschneider-steuerberatung.de/steuerberater-team-bonn/;
470;B;Steuerberater und Wirtschaftsprüfer Essen | Bedenbecker & Berg GmbH;bedenbecker-berg.de;https://bedenbecker-berg.de/;Essen;nrw;4;12;2;2;2;2;1;0;0;0;2;1;Verified A: FiBu=JA, Recruiting=JA, Digital=JA;verified_tier=A | FiBu: finanzbuchhaltung, buchführung, jahresabschluss, bilanz | Recruiting: stellenangebot, wir suchen, lohnbuchhalter | Digital: digitalisierung, datev, digital;;;;https://bedenbecker-berg.de/ueber-uns/;https://bedenbecker-berg.de/stellenangebote/
528;B;DATEV Unternehmen online - Steuerberatungsgesellschaft Siekendiek & Arning PartG mbB;spba.de;https://www.spba.de/unternehmen-online/datev-unternehmen-online/;Bonn;nrw;4;13;2;2;2;2;1;0;0;1;2;1;Verified A: FiBu=JA, Recruiting=JA, Digital=JA;verified_tier=A | FiBu: finanzbuchhaltung, buchführung, rechnungswesen, jahresabschluss | Recruiting: karriere, verstärkung, bewerbung, steuerfachangestellte | Digital: digitalisierung, datev unternehmen online, datev, papierlos;;;;https://www.spba.de/kanzlei/;https://www.spba.de/karriere/
656;B;DATEV Unternehmen Online - MSP Steuerberater / Tax Consultant in Frankfurt am Main;msp-beratung.com;https://www.msp-beratung.com/steuerberater-datev-unternehmen-online/;Frankfurt;rhein_main;4;13;2;2;2;2;1;2;0;0;2;0;Verified A: FiBu=JA, Recruiting=JA, Digital=JA;verified_tier=A | FiBu: finanzbuchhaltung, debitoren, kreditoren, jahresabschluss | Recruiting: jobs, verstärkung, bewerbung, steuerfachangestellte | Digital: datev unternehmen online, datev, e-rechnung, papierlos;;;;https://www.msp-beratung.com/kanzlei/;https://www.msp-beratung.com/karriere/
78;B;Digitale Steuerberatung - Steuerkanzlei Hinterleitner bei München;hinterleitner.de;https://hinterleitner.de/digitale-steuerberatung-muenchen/;München;muenchen_stuttgart;3;12;0;2;2;2;1;0;1;2;2;0;Verified B: FiBu=NEIN, Recruiting=JA, Digital=JA;verified_tier=B | FiBu:  | Recruiting: karriere, steuerfachangestellte, (m/w/d) | Digital: digitalisierung, datev unternehmen online, datev, dms;;;;https://hinterleitner.de/tuning-team/;https://hinterleitner.de/karriere/
654;B;Digitale Kanzlei - Helmig + Weber Steuerberater;helmig-weber.de;https://www.helmig-weber.de/digitale-kanzlei.html;Frankfurt;rhein_main;3;11;1;1;2;2;1;0;1;0;2;1;Verified B: FiBu=NEIN, Recruiting=JA, Digital=JA;verified_tier=B | FiBu: rechnungswesen | Recruiting: karriere, offene stellen | Digital: digitalisierung, digitale kanzlei, datev, digital;;;;https://www.helmig-weber.de/digitale-kanzlei.html;
4;B;digitalkanzlei.de - Papierlose & digitale Steuerberatung;digitalkanzlei.de;https://digitalkanzlei.de/;München;muenchen_stuttgart;;12;2;2;2;1;0;0;2;1;2;0;Verified A: FiBu=JA, Recruiting=JA, Digital=JA;verified_tier=A | FiBu: finanzbuchhaltung, buchführung, jahresabschluss | Recruiting: karriere, bewerbung, jetzt bewerben, arbeiten bei | Digital: digitalisierung, datev, papierlos, digital;;;;https://digitalkanzlei.de/wp-content/uploads/2020/03/Favicon_neu.png;https://digitalkanzlei.de/karriere/
72;B;Steuerberater in München - Senn und Partner Steuerberater;steuerberater-senn.de;https://steuerberater-senn.de/;München;muenchen_stuttgart;;14;2;2;2;1;0;0;2;2;2;1;Verified A: FiBu=JA, Recruiting=JA, Digital=JA;verified_tier=A | FiBu: finanzbuchhaltung, buchführung, jahresabschluss, einnahmenüberschussrechnung | Recruiting: stellenangebot, wir suchen, verstärkung, bewerbung | Digital: e-rechnung, papierlos, cloud, mandantenportal;;;;;
145;B;Steuerberater und Rechtsanwalt in Stuttgart-Nord | Steuerberatung;grass-hellstern.de;https://www.grass-hellstern.de/;Stuttgart;muenchen_stuttgart;;11;2;1;1;2;0;0;2;0;2;1;Verified A: FiBu=JA, Recruiting=JA, Digital=JA;verified_tier=A | FiBu: finanzbuchhaltung, buchführung, anlagenbuchhaltung, debitoren | Recruiting: stellenangebot, jobs | Digital: datev, digital;;;;;https://www.grass-hellstern.de/jobs/
177;B;Steuerberatung für Unternehmen – Digital & TÜV‑zertifiziert - TAXURA;taxura.de;https://www.taxura.de/;Berlin;berlin_brandenburg;;12;1;1;2;2;0;1;2;0;2;1;Verified A: FiBu=JA, Recruiting=JA, Digital=JA;verified_tier=A | FiBu: buchführung, jahresabschluss | Recruiting: karriere, steuerfachangestellte | Digital: digitalisierung, digitale buchhaltung, datev unternehmen online, datev;;;;;
219;B;STEUERFABRIK · Berlin - steuerberater-baer.de;steuerberater-baer.de;https://www.steuerberater-baer.de/leistungen-digital.htm;Berlin;berlin_brandenburg;;10;1;0;2;2;0;0;1;2;2;0;Verified B: FiBu=JA, Recruiting=NEIN, Digital=JA;verified_tier=B | FiBu: buchführung, rechnungswesen | Recruiting:  | Digital: digitalisierung, datev unternehmen online, datev, dokumentenmanagement;;;;;
221;B;Steuerberater in Berlin für E-Commerce - grenzenlos sicher handeln - erbelbernsen.de;erbelbernsen.de;https://www.erbelbernsen.de/de/leistungen/e-commerce;Berlin;berlin_brandenburg;;13;1;2;2;1;0;0;2;2;2;1;Verified B: FiBu=NEIN, Recruiting=JA, Digital=JA;verified_tier=B | FiBu: bilanz | Recruiting: stellenangebot, karriere, steuerfachangestellte, finanzbuchhalter | Digital: digitalisierung, datev unternehmen online, datev, cloud;;;;;
223;B;ETL Mayer & Partner GmbH - Steuerberatung in Berlin;kanzlei.etl.de;https://kanzlei.etl.de/mp-berlin/;Berlin;berlin_brandenburg;;14;2;1;2;1;0;1;2;2;2;1;Verified A: FiBu=JA, Recruiting=JA, Digital=JA;verified_tier=A | FiBu: finanzbuchhaltung, rechnungswesen, bilanz | Recruiting: stellenangebot, karriere | Digital: digitalisierung, datev unternehmen online, datev, e-rechnung;;;;;
265;B;Steuerberater Potsdam | BTB Steuerberatungsgesellschaft mbH;btb-steuerberatung.de;https://www.btb-steuerberatung.de/steuerberater/potsdam/;Potsdam;berlin_brandenburg;;16;2;2;2;2;0;1;2;1;2;2;Verified A: FiBu=JA, Recruiting=JA, Digital=JA;verified_tier=A | FiBu: finanzbuchhaltung, buchführung, rechnungswesen, debitoren | Recruiting: karriere, offene stellen, jobs, wir suchen | Digital: digitalisierung, datev, cloud, automatisierung;;;;;https://www.btb-steuerberatung.de/jobs/
272;B;Steuerberater Köln | Wir arbeiten digital;eisenach-partner.de;https://www.eisenach-partner.de/wir-arbeiten-digital/;Köln;nrw;;13;2;2;2;1;0;1;2;1;2;0;Verified A: FiBu=JA, Recruiting=JA, Digital=JA;verified_tier=A | FiBu: rechnungswesen, debitoren, kreditoren, jahresabschluss | Recruiting: karriere, wir suchen, bewerbung, steuerfachangestellte | Digital: digitalisierung, datev, dms, dokumentenmanagement;;;;;https://karriere.eisenach-partner.de
285;B;Steuerberatung in Köln | Startup, Holdingstruktur, Nachfolge;tu-steuer.de;https://tu-steuer.de/;Köln;nrw;;15;2;2;2;2;0;1;2;1;1;2;Verified A: FiBu=JA, Recruiting=JA, Digital=JA;verified_tier=A | FiBu: finanzbuchhaltung, laufende buchhaltung, jahresabschluss | Recruiting: karriere, wir suchen, steuerfachangestellte, lohnbuchhalter | Digital: digitalisierung, datev unternehmen online, datev, digitale prozesse;;;;;https://tu-steuer.de/#karriere
402;B;ETL Laskowski & Partner – Steuerberatung in Düsseldorf;laskowski-duesseldorf.de;https://www.laskowski-duesseldorf.de/;Düsseldorf;nrw;;14;2;1;2;1;0;1;2;2;2;1;Verified A: FiBu=JA, Recruiting=JA, Digital=JA;verified_tier=A | FiBu: finanzbuchhaltung, rechnungswesen, bilanz | Recruiting: stellenangebot, karriere | Digital: digitalisierung, datev unternehmen online, datev, e-rechnung;;;;;
404;B;ETL Scholl & Balloff – Steuerberatung in Düsseldorf;schollballoff.de;https://www.schollballoff.de/;Düsseldorf;nrw;;12;2;1;2;1;0;0;2;2;2;0;Verified A: FiBu=JA, Recruiting=JA, Digital=JA;verified_tier=A | FiBu: finanzbuchhaltung, rechnungswesen, bilanz | Recruiting: stellenangebot, karriere | Digital: digitalisierung, digitale kanzlei, datev unternehmen online, datev;;;;;
408;B;ETL International GmbH - Steuerberatung in Düsseldorf;etl-simon.de;https://www.etl-simon.de/;Düsseldorf;nrw;;14;2;1;2;1;0;1;2;2;2;1;Verified A: FiBu=JA, Recruiting=JA, Digital=JA;verified_tier=A | FiBu: finanzbuchhaltung, rechnungswesen, bilanz | Recruiting: stellenangebot, karriere | Digital: digitalisierung, datev unternehmen online, datev, e-rechnung;;;;;
472;B;Digitale Buchführung Essen – Steuerberatung Heisterkamp;heisterkamp-steuerberatung.de;https://heisterkamp-steuerberatung.de/digitale-buchfuehrung-essen/;Essen;nrw;;11;2;2;1;2;0;0;0;1;2;1;Verified A: FiBu=JA, Recruiting=JA, Digital=JA;verified_tier=A | FiBu: finanzbuchhaltung, buchführung, jahresabschluss, bilanz | Recruiting: karriere, jobs, wir suchen, verstärkung | Digital: mandantenportal, digital;;;;;https://heisterkamp-steuerberatung.de/karriere/
559;B;ETL BONTAX – Steuerberatung in Alfter;bontax.de;https://www.bontax.de/;Bonn;nrw;;14;2;1;2;1;0;1;2;2;2;1;Verified A: FiBu=JA, Recruiting=JA, Digital=JA;verified_tier=A | FiBu: finanzbuchhaltung, rechnungswesen, bilanz | Recruiting: stellenangebot, karriere | Digital: digitalisierung, datev unternehmen online, datev, e-rechnung;;;;;
574;B;Steuerberatung Hamburg · Steuerberater · Steuerberater Hamburg · Wirtschaftsprüfer Hamburg | EGIDO;egido.de;https://www.egido.de/;Hamburg;hamburg;;14;2;2;2;2;0;1;2;1;2;0;Verified A: FiBu=JA, Recruiting=JA, Digital=JA;verified_tier=A | FiBu: finanzbuchhaltung, buchführung, rechnungswesen, jahresabschluss | Recruiting: karriere, jobs, steuerfachangestellte, bilanzbuchhalter | Digital: digitalisierung, datev, papierlos, mandantenportal;;;;https://www.egido.de/ueber-uns;https://www.egido.de/karriere
620;B;JESCHKE MULANSKY - START;jm-steuer.de;https://jm-steuer.de/;Hamburg;hamburg;;14;2;2;2;2;0;1;2;1;1;1;Verified A: FiBu=JA, Recruiting=JA, Digital=JA;verified_tier=A | FiBu: buchführung, rechnungswesen, bilanz | Recruiting: karriere, offene stellen, steuerfachangestellte, bilanzbuchhalter | Digital: digitalisierung, datev, dms, digital;;;;;https://jm-steuer.de/KARRIERE/
630;B;ETL MSP – Steuerberatung in Hamburg;msp.hamburg;https://www.msp.hamburg/;Hamburg;hamburg;;12;2;1;2;1;0;0;2;2;2;0;Verified A: FiBu=JA, Recruiting=JA, Digital=JA;verified_tier=A | FiBu: finanzbuchhaltung, fibu, rechnungswesen, bilanz | Recruiting: stellenangebot, karriere | Digital: digitalisierung, datev unternehmen online, datev, e-rechnung;;;;;
632;B;ETL Schmeding & Hoffmann – Steuerberatung in Hamburg;schmeding.de;https://www.schmeding.de/;Hamburg;hamburg;;15;2;1;2;2;0;1;2;2;2;1;Verified A: FiBu=JA, Recruiting=JA, Digital=JA;verified_tier=A | FiBu: finanzbuchhaltung, rechnungswesen, bilanz | Recruiting: stellenangebot, karriere | Digital: digitalisierung, datev unternehmen online, datev, e-rechnung;;;;;https://www.schmeding.de/stellenangebote
643;B;Steuerkanzlei BRUSK;brusk.tax;https://www.brusk.tax/;Frankfurt;rhein_main;;10;1;1;2;2;0;0;2;1;1;0;Verified B: FiBu=JA, Recruiting=NEIN, Digital=JA;verified_tier=B | FiBu: buchführung, bilanz | Recruiting: steuerfachangestellte | Digital: digitalisierung, digitale buchhaltung, datev unternehmen online, datev;;;;;
690;B;ETL LEITax GmbH – Steuerberatung in Frankfurt am Main;etl-leitax.de;https://www.etl-leitax.de/;Frankfurt;rhein_main;;14;2;1;2;1;0;1;2;2;2;1;Verified A: FiBu=JA, Recruiting=JA, Digital=JA;verified_tier=A | FiBu: finanzbuchhaltung, rechnungswesen, bilanz | Recruiting: stellenangebot, karriere | Digital: digitalisierung, datev unternehmen online, datev, e-rechnung;;;;;
692;B;ETL Freund & Partner GmbH - Steuerberatung in Frankfurt (Oder);fp-frankfurtoder.de;https://www.fp-frankfurtoder.de/;Frankfurt (Oder);rhein_main;;14;2;1;2;1;0;1;2;2;2;1;Verified A: FiBu=JA, Recruiting=JA, Digital=JA;verified_tier=A | FiBu: finanzbuchhaltung, rechnungswesen, bilanz | Recruiting: stellenangebot, karriere | Digital: digitalisierung, datev unternehmen online, datev, e-rechnung;;;;;
756;B;Steuerbüro Ralf Binder in Darmstadt;stbbinder.de;https://stbbinder.de/steuerbuero-darmstadt/;Darmstadt;rhein_main;;12;2;2;2;2;0;0;2;0;1;1;Verified A: FiBu=JA, Recruiting=JA, Digital=JA;verified_tier=A | FiBu: finanzbuchhaltung, buchführung, rechnungswesen, jahresabschluss | Recruiting: karriere, wir suchen, verstärkung, steuerfachangestellte | Digital: digitalisierung, datev unternehmen online, datev, digitale prozesse;;;;;https://stbbinder.de/karriere-im-steuerbuero-darmstadt/
763;B;Steuerberatung und Buchhaltung online | Conscienta digital;conscienta-digital.de;https://www.conscienta-digital.de/;Darmstadt;rhein_main;;10;1;0;2;2;0;0;2;1;2;0;Verified B: FiBu=JA, Recruiting=NEIN, Digital=JA;verified_tier=B | FiBu: finanzbuchhaltung, buchführung | Recruiting:  | Digital: digitalisierung, datev unternehmen online, datev, e-rechnung;;;;;
227;C;Digitale Kanzlei - Berlin;zambetti-steuerberatung.de;https://www.zambetti-steuerberatung.de/de/service/digitale_kanzlei/index.html;Berlin;berlin_brandenburg;3;12;2;2;2;2;1;0;0;0;2;1;Verified A: FiBu=JA, Recruiting=JA, Digital=JA;verified_tier=A | FiBu: finanzbuchhaltung, buchführung, rechnungswesen, jahresabschluss | Recruiting: karriere, jobs, bewerbung, steuerfachangestellte | Digital: digitale kanzlei, digitale buchhaltung, datev, scan;;;;https://www.zambetti-steuerberatung.de/de/kanzlei/so_finden_sie_uns/index.html;https://karriere.zambetti-steuerberatung.de/
160;C;Digitale Steuerkanzlei mgp: Die moderne Steuerberatung mit DATEV und papierlosen Prozessen;mgp-steuerberater.de;https://www.mgp-steuerberater.de/digitale-steuerkanzlei-mgp-die-moderne-steuerberatung-mit-datev-und-papierlosen-prozessen/;Berlin;berlin_brandenburg;2;12;2;1;2;2;1;0;2;0;2;0;Verified A: FiBu=JA, Recruiting=JA, Digital=JA;verified_tier=A | FiBu: finanzbuchhaltung, belegmanagement, jahresabschluss | Recruiting: karriere, jobs | Digital: digitalisierung, digitale kanzlei, digitale buchhaltung, datev unternehmen online;;;;https://www.mgp-steuerberater.de/wp-json/oembed/1.0/embed?url=https%3A%2F%2Fwww.mgp-steuerberater.de%2Fdigitale-steuerkanzlei-mgp-die-moderne-steuerberatung-mit-datev-und-papierlosen-prozessen%2F;https://www.mgp-steuerberater.de/wp-content/plugins/custom-gutenberg-blocks/jobs-list/block-styles.css?ver=6.9.4
366;C;DATEV Unternehmen Online richtig nutzen | Rohlmann StB;rohlmann-steuer.de;https://www.rohlmann-steuer.de/artikel/datev-unternehmen-online;Düsseldorf;nrw;2;14;1;2;2;2;1;1;1;1;2;1;Verified A: FiBu=JA, Recruiting=JA, Digital=JA;verified_tier=A | FiBu: jahresabschluss, bilanz | Recruiting: karriere, offene stellen, bewerbung, steuerfachangestellte | Digital: digitalisierung, digitale kanzlei, datev unternehmen online, datev;;;;https://www.rohlmann-steuer.de/kanzlei;https://www.rohlmann-steuer.de/karriere
399;C;Steuerberater Düsseldorf | Kanzlei Michael Schmitz;duesseldorf-steuerberatung.de;https://duesseldorf-steuerberatung.de/;Düsseldorf;nrw;2;13;2;2;2;2;1;0;2;0;2;0;Verified A: FiBu=JA, Recruiting=JA, Digital=JA;verified_tier=A | FiBu: finanzbuchhaltung, laufende buchhaltung, bilanz | Recruiting: stellenangebot, jobs, verstärkung, bewerbung | Digital: datev, dms, papierlos, digitale prozesse;;;;https://duesseldorf-steuerberatung.de/ueber-uns/;https://duesseldorf-steuerberatung.de/jobs/
174;C;DATEV Unternehmen Online | GTK Steuerberater (Berlin, Bonn, Bornheim, Brühl, Hamburg);gtkp.de;https://www.gtkp.de/leistungen/steuerberatung/finanzbuchhaltung/datev-unternehmen-online/;Berlin;berlin_brandenburg;;10;1;1;2;2;0;0;1;0;2;1;Verified C: FiBu=NEIN, Recruiting=NEIN, Digital=JA;verified_tier=C | FiBu: finanzbuchhaltung | Recruiting: karriere | Digital: datev unternehmen online, duo, datev, cloud;;;;;
